,Year,HH_LGA_ID,HH_LGA_NAME,TRAVEL_MODE,TRIPS_BY_MODE,PCT_OF_TOTAL_TRIPS,MODE_SHARE,DISTANCE_BY_MODE,PCT_OF_TOTAL_DISTANCE,TRIP_AVG_DISTANCE (km),TRIP_AVG_TIME (mins)
0,2023,500,Bayside,other**,27000,3.6,4.0,383000,7.2,14.3,24.8
1,2023,500,Bayside,public transport,58000,7.6,8.5,469000,8.9,8.1,21.8
2,2023,500,Bayside,vehicle driver,312000,41.3,46.2,2833000,53.6,9.1,19.8
3,2023,500,Bayside,vehicle passenger,158000,21.0,23.5,1470000,27.8,9.3,19.1
4,2023,500,Bayside,walk linked,80000,10.6,,58000,1.1,0.7,10.4
5,2023,500,Bayside,walk only,121000,16.0,17.9,77000,1.5,0.6,11.0
6,2023,750,Blacktown,other**,18000,1.3,1.4,30000,0.3,1.7,7.3
7,2023,750,Blacktown,public transport,83000,6.0,6.5,1372000,12.0,16.5,28.2
8,2023,750,Blacktown,vehicle driver,653000,46.9,51.3,6770000,59.4,10.4,19.3
9,2023,750,Blacktown,vehicle passenger,345000,24.8,27.1,3018000,26.5,8.7,16.3
10,2023,750,Blacktown,walk linked,120000,8.6,,74000,0.6,0.6,7.6
11,2023,750,Blacktown,walk only,174000,12.5,13.7,132000,1.2,0.8,11.9
12,2023,900,Blue Mountains,other**,2000,0.5,0.5,6000,0.2,4.1,54.8
13,2023,900,Blue Mountains,public transport*,16000,4.9,5.3,432000,10.7,27.3,37.5
14,2023,900,Blue Mountains,vehicle driver,159000,49.5,53.0,2405000,59.6,15.1,20.9
15,2023,900,Blue Mountains,vehicle passenger,77000,24.0,25.7,1140000,28.2,14.8,20.5
16,2023,900,Blue Mountains,walk linked,21000,6.6,,14000,0.4,0.7,11.5
17,2023,900,Blue Mountains,walk only,46000,14.5,15.5,39000,1.0,0.8,13.3
18,2023,1300,Burwood,public transport*,20000,9.3,10.7,195000,13.5,10.0,20.3
19,2023,1300,Burwood,vehicle driver*,104000,49.5,56.8,845000,58.6,8.2,20.0
20,2023,1300,Burwood,vehicle passenger*,26000,12.4,14.2,366000,25.4,14.1,24.7
21,2023,1300,Burwood,walk linked*,27000,12.9,,16000,1.1,0.6,11.3
22,2023,1300,Burwood,walk only*,33000,15.9,18.2,19000,1.3,0.6,11.8
23,2023,1450,Camden,other**,5000,1.2,1.3,6000,0.1,1.1,5.0
24,2023,1450,Camden,public transport**,33000,7.9,8.5,516000,12.9,15.8,30.5
25,2023,1450,Camden,vehicle driver,200000,48.4,51.9,2525000,63.3,12.6,19.9
26,2023,1450,Camden,vehicle passenger,118000,28.5,30.6,894000,22.4,7.6,12.7
27,2023,1450,Camden,walk linked**,28000,6.9,,17000,0.4,0.6,8.0
28,2023,1450,Camden,walk only*,29000,7.1,7.6,30000,0.8,1.0,16.7
29,2023,1500,Campbelltown,other**,1000,0.2,0.2,12000,0.2,11.4,25.0
30,2023,1500,Campbelltown,public transport*,28000,5.2,5.5,484000,9.4,17.4,27.9
31,2023,1500,Campbelltown,vehicle driver,278000,52.4,55.4,3483000,67.9,12.5,20.8
32,2023,1500,Campbelltown,vehicle passenger,139000,26.2,27.6,1100000,21.4,7.9,15.4
33,2023,1500,Campbelltown,walk linked,28000,5.3,,15000,0.3,0.5,9.0
34,2023,1500,Campbelltown,walk only*,56000,10.6,11.2,37000,0.7,0.7,14.8
35,2023,1520,Canada Bay,other*,12000,2.7,3.3,56000,2.7,4.7,15.3
36,2023,1520,Canada Bay,public transport*,57000,12.9,15.5,398000,19.1,7.0,17.6
37,2023,1520,Canada Bay,vehicle driver,156000,35.4,42.6,1275000,61.1,8.2,19.8
38,2023,1520,Canada Bay,vehicle passenger,57000,12.9,15.5,254000,12.2,4.5,14.7
39,2023,1520,Canada Bay,walk linked,74000,16.9,,39000,1.9,0.5,8.2
40,2023,1520,Canada Bay,walk only,84000,19.2,23.1,63000,3.0,0.7,11.6
41,2023,1570,Canterbury-Bankstown,other*,8000,0.8,0.9,43000,0.6,5.2,15.1
42,2023,1570,Canterbury-Bankstown,public transport,106000,10.5,12.1,1167000,16.5,11.0,24.5
43,2023,1570,Canterbury-Bankstown,vehicle driver,459000,45.6,52.5,4474000,63.3,9.7,21.4
44,2023,1570,Canterbury-Bankstown,vehicle passenger,184000,18.2,21.0,1222000,17.3,6.7,18.0
45,2023,1570,Canterbury-Bankstown,walk linked,133000,13.2,,72000,1.0,0.5,8.7
46,2023,1570,Canterbury-Bankstown,walk only,117000,11.6,13.4,90000,1.3,0.8,12.2
47,2023,1650,Central Coast,other*,37000,2.6,2.9,137000,0.9,3.7,16.5
48,2023,1650,Central Coast,public transport,101000,7.3,7.9,2156000,14.7,21.3,32.6
49,2023,1650,Central Coast,vehicle driver,725000,51.9,56.4,9124000,62.1,12.6,18.5
50,2023,1650,Central Coast,vehicle passenger,295000,21.2,23.0,3106000,21.1,10.5,16.6
51,2023,1650,Central Coast,walk linked,111000,7.9,,75000,0.5,0.7,9.5
52,2023,1650,Central Coast,walk only,127000,9.1,9.9,98000,0.7,0.8,12.8
53,2023,1720,Cessnock,public transport*,4000,2.5,2.6,56000,2.7,12.5,23.1
54,2023,1720,Cessnock,vehicle driver,113000,64.7,65.3,1571000,77.4,13.9,18.8
55,2023,1720,Cessnock,vehicle passenger,39000,22.5,22.7,394000,19.4,10.0,15.7
56,2023,1720,Cessnock,walk linked**,2000,0.9,,1000,0.0,0.5,10.7
57,2023,1720,Cessnock,walk only*,16000,9.3,9.4,10000,0.5,0.6,7.4
58,2023,2380,Cumberland,other*,9000,1.0,1.2,54000,0.9,6.2,25.5
59,2023,2380,Cumberland,public transport,48000,5.7,6.3,660000,11.0,13.8,26.0
60,2023,2380,Cumberland,vehicle driver,398000,47.0,52.2,3690000,61.6,9.3,20.2
61,2023,2380,Cumberland,vehicle passenger,209000,24.7,27.4,1459000,24.4,7.0,16.6
62,2023,2380,Cumberland,walk linked,84000,9.9,,51000,0.8,0.6,10.1
63,2023,2380,Cumberland,walk only,99000,11.7,13.0,76000,1.3,0.8,15.0
64,2023,2700,Dungog,public transport**,2000,4.4,4.8,22000,5.9,14.3,15.1
65,2023,2700,Dungog,vehicle driver,19000,54.8,59.7,312000,82.3,16.1,20.3
66,2023,2700,Dungog,vehicle passenger*,8000,22.5,24.5,41000,10.8,5.2,9.5
67,2023,2700,Dungog,walk linked**,3000,8.2,,3000,0.8,1.0,14.2
68,2023,2700,Dungog,walk only**,4000,10.1,11.0,1000,0.2,0.3,6.7
69,2023,2850,Fairfield,public transport*,17000,4.0,4.2,243000,8.4,14.7,34.0
70,2023,2850,Fairfield,vehicle driver,239000,56.8,60.2,1988000,68.7,8.3,17.8
71,2023,2850,Fairfield,vehicle passenger*,83000,19.8,21.0,599000,20.7,7.2,16.1
72,2023,2850,Fairfield,walk linked*,24000,5.6,,17000,0.6,0.7,11.1
73,2023,2850,Fairfield,walk only,58000,13.8,14.6,46000,1.6,0.8,11.6
74,2023,2930,Georges River,other**,8000,1.2,1.4,93000,2.1,11.6,20.0
75,2023,2930,Georges River,public transport,86000,12.4,14.9,999000,22.1,11.6,22.3
76,2023,2930,Georges River,vehicle driver,273000,39.4,47.3,2437000,53.9,8.9,19.0
77,2023,2930,Georges River,vehicle passenger,132000,19.1,22.9,835000,18.5,6.3,15.5
78,2023,2930,Georges River,walk linked,115000,16.6,,85000,1.9,0.7,10.4
79,2023,2930,Georges River,walk only,78000,11.2,13.4,69000,1.5,0.9,12.6
80,2023,3800,Hawkesbury,other**,1000,0.5,0.5,10000,0.3,9.0,51.0
81,2023,3800,Hawkesbury,public transport**,7000,2.9,3.0,107000,2.8,15.8,26.8
82,2023,3800,Hawkesbury,vehicle driver,149000,64.2,65.5,2752000,71.9,18.5,28.9
83,2023,3800,Hawkesbury,vehicle passenger,56000,24.3,24.8,942000,24.6,16.7,26.2
84,2023,3800,Hawkesbury,walk linked*,5000,2.0,,3000,0.1,0.5,8.0
85,2023,3800,Hawkesbury,walk only*,14000,6.1,6.2,11000,0.3,0.8,8.7
86,2023,4000,Hornsby,other*,7000,1.0,1.1,37000,0.7,5.2,21.0
87,2023,4000,Hornsby,public transport,74000,10.2,11.8,993000,18.6,13.4,23.8
88,2023,4000,Hornsby,vehicle driver,308000,42.5,49.0,3005000,56.2,9.8,18.6
89,2023,4000,Hornsby,vehicle passenger,143000,19.7,22.7,1162000,21.7,8.1,15.9
90,2023,4000,Hornsby,walk linked,96000,13.2,,64000,1.2,0.7,9.4
91,2023,4000,Hornsby,walk only,96000,13.3,15.3,84000,1.6,0.9,13.8
92,2023,4100,Hunters Hill,other**,1000,1.2,1.5,9000,4.0,14.8,28.0
93,2023,4100,Hunters Hill,public transport*,6000,11.1,13.6,50000,21.5,8.8,22.8
94,2023,4100,Hunters Hill,vehicle driver,23000,45.6,55.9,136000,58.7,5.8,16.6
95,2023,4100,Hunters Hill,vehicle passenger*,5000,10.0,12.3,26000,11.1,5.0,13.5
96,2023,4100,Hunters Hill,walk linked*,10000,18.5,,6000,2.6,0.6,10.2
97,2023,4100,Hunters Hill,walk only*,7000,13.5,16.6,5000,2.2,0.8,15.1
98,2023,4170,Inner West,other,30000,2.9,3.5,151000,3.4,5.1,19.7
99,2023,4170,Inner West,public transport,109000,10.7,13.0,729000,16.3,6.7,19.4
100,2023,4170,Inner West,vehicle driver,291000,28.4,34.6,2179000,48.7,7.5,18.1
101,2023,4170,Inner West,vehicle passenger,136000,13.3,16.2,1077000,24.1,7.9,17.5
102,2023,4170,Inner West,walk linked,185000,18.0,,122000,2.7,0.7,9.5
103,2023,4170,Inner West,walk only,274000,26.8,32.7,218000,4.9,0.8,12.8
104,2023,4400,Kiama,other**,1000,1.2,1.3,3000,0.4,3.3,22.8
105,2023,4400,Kiama,public transport**,3000,3.6,3.8,44000,5.1,15.2,23.4
106,2023,4400,Kiama,vehicle driver,43000,53.9,57.5,636000,75.2,14.7,17.7
107,2023,4400,Kiama,vehicle passenger*,15000,19.0,20.3,149000,17.6,9.8,14.5
108,2023,4400,Kiama,walk linked*,5000,6.3,,3000,0.3,0.5,6.1
109,2023,4400,Kiama,walk only*,13000,16.1,17.1,11000,1.3,0.9,12.4
110,2023,4500,Ku-ring-gai,other,8000,1.2,1.4,79000,1.8,10.1,29.1
111,2023,4500,Ku-ring-gai,public transport,68000,10.2,11.9,774000,17.6,11.4,22.0
112,2023,4500,Ku-ring-gai,vehicle driver,274000,41.2,47.8,2236000,50.9,8.2,16.9
113,2023,4500,Ku-ring-gai,vehicle passenger,127000,19.1,22.2,1149000,26.2,9.1,15.5
114,2023,4500,Ku-ring-gai,walk linked,92000,13.8,,63000,1.4,0.7,9.4
115,2023,4500,Ku-ring-gai,walk only,96000,14.5,16.8,92000,2.1,1.0,14.2
116,2023,4650,Lake Macquarie,other*,6000,0.8,0.8,30000,0.4,5.0,14.3
117,2023,4650,Lake Macquarie,public transport*,32000,4.2,4.6,575000,7.6,18.1,30.4
118,2023,4650,Lake Macquarie,vehicle driver,405000,53.4,58.3,4748000,62.5,11.7,18.4
119,2023,4650,Lake Macquarie,vehicle passenger,163000,21.5,23.5,2091000,27.5,12.8,19.8
120,2023,4650,Lake Macquarie,walk linked,63000,8.3,,83000,1.1,1.3,17.4
121,2023,4650,Lake Macquarie,walk only,89000,11.8,12.8,74000,1.0,0.8,17.5
122,2023,4700,Lane Cove,other*,4000,1.9,2.2,25000,2.2,6.1,26.4
123,2023,4700,Lane Cove,public transport,19000,8.8,10.0,136000,11.9,7.3,22.9
124,2023,4700,Lane Cove,vehicle driver,83000,39.3,45.0,706000,61.7,8.5,17.4
125,2023,4700,Lane Cove,vehicle passenger,39000,18.4,21.1,220000,19.2,5.6,14.7
126,2023,4700,Lane Cove,walk linked,27000,12.8,,16000,1.4,0.6,9.0
127,2023,4700,Lane Cove,walk only,40000,18.9,21.6,41000,3.6,1.0,10.5
128,2023,4900,Liverpool,other**,3000,0.4,0.4,4000,0.1,1.4,30.0
129,2023,4900,Liverpool,public transport*,40000,5.8,6.4,536000,8.4,13.4,26.0
130,2023,4900,Liverpool,vehicle driver,334000,48.6,54.0,3991000,62.6,11.9,22.7
131,2023,4900,Liverpool,vehicle passenger*,190000,27.6,30.6,1766000,27.7,9.3,23.5
132,2023,4900,Liverpool,walk linked*,68000,10.0,,40000,0.6,0.6,8.9
133,2023,4900,Liverpool,walk only*,53000,7.6,8.5,36000,0.6,0.7,10.3
134,2023,5050,Maitland,other*,4000,1.1,1.1,17000,0.4,4.0,25.4
135,2023,5050,Maitland,public transport*,5000,1.2,1.2,55000,1.3,12.1,27.8
136,2023,5050,Maitland,vehicle driver,209000,53.0,53.7,3036000,70.8,14.5,19.8
137,2023,5050,Maitland,vehicle passenger*,131000,33.3,33.7,1158000,27.0,8.8,15.5
138,2023,5050,Maitland,walk linked*,5000,1.3,,4000,0.1,0.8,7.6
139,2023,5050,Maitland,walk only*,40000,10.2,10.4,18000,0.4,0.5,11.3
140,2023,5350,Mosman,other*,2000,1.7,1.9,21000,2.3,8.3,24.7
141,2023,5350,Mosman,public transport*,9000,6.4,7.2,73000,8.0,7.8,22.4
142,2023,5350,Mosman,vehicle driver,60000,41.1,46.5,651000,71.8,10.8,21.0
143,2023,5350,Mosman,vehicle passenger*,23000,15.7,17.7,129000,14.2,5.6,17.2
144,2023,5350,Mosman,walk linked*,17000,11.6,,8000,0.9,0.5,8.0
145,2023,5350,Mosman,walk only*,35000,23.6,26.7,26000,2.8,0.7,14.0
146,2023,5900,Newcastle,other*,14000,2.4,2.4,72000,1.6,5.2,19.4
147,2023,5900,Newcastle,public transport*,13000,2.3,2.4,212000,4.7,15.9,30.7
148,2023,5900,Newcastle,vehicle driver,335000,57.3,59.4,3392000,75.4,10.1,16.7
149,2023,5900,Newcastle,vehicle passenger,132000,22.5,23.4,759000,16.9,5.8,12.2
150,2023,5900,Newcastle,walk linked,21000,3.6,,15000,0.3,0.7,15.3
151,2023,5900,Newcastle,walk only,70000,11.9,12.4,49000,1.1,0.7,10.9
152,2023,5950,North Sydney,other**,5000,1.5,1.8,30000,2.2,5.6,19.6
153,2023,5950,North Sydney,public transport,32000,8.9,10.7,213000,15.8,6.6,16.3
154,2023,5950,North Sydney,vehicle driver*,111000,30.8,36.8,837000,62.0,7.5,16.4
155,2023,5950,North Sydney,vehicle passenger,27000,7.4,8.9,155000,11.5,5.8,14.6
156,2023,5950,North Sydney,walk linked,59000,16.3,,34000,2.5,0.6,8.9
157,2023,5950,North Sydney,walk only*,126000,35.1,41.9,81000,6.0,0.6,10.9
158,2023,5990,Northern Beaches,other*,50000,3.6,4.0,190000,2.4,3.8,19.1
159,2023,5990,Northern Beaches,public transport,99000,7.0,7.9,1086000,13.9,11.0,31.1
160,2023,5990,Northern Beaches,vehicle driver,602000,43.0,48.0,4583000,58.8,7.6,17.1
161,2023,5990,Northern Beaches,vehicle passenger,274000,19.5,21.8,1661000,21.3,6.1,14.4
162,2023,5990,Northern Beaches,walk linked,147000,10.5,,88000,1.1,0.6,9.3
163,2023,5990,Northern Beaches,walk only,229000,16.3,18.3,186000,2.4,0.8,13.1
164,2023,6260,Parramatta,other*,22000,1.8,2.0,193000,2.3,8.8,25.8
165,2023,6260,Parramatta,public transport,104000,8.4,9.6,1501000,17.7,14.5,25.3
166,2023,6260,Parramatta,vehicle driver,550000,44.6,50.7,4904000,57.9,8.9,18.5
167,2023,6260,Parramatta,vehicle passenger,238000,19.4,22.0,1648000,19.5,6.9,14.9
168,2023,6260,Parramatta,walk linked,148000,12.0,,98000,1.2,0.7,9.6
169,2023,6260,Parramatta,walk only,170000,13.8,15.7,120000,1.4,0.7,11.5
170,2023,6350,Penrith,other*,30000,3.6,3.9,77000,1.0,2.6,11.1
171,2023,6350,Penrith,public transport*,81000,9.8,10.8,1798000,24.5,22.2,31.2
172,2023,6350,Penrith,vehicle driver,355000,42.9,47.2,4119000,56.1,11.6,21.5
173,2023,6350,Penrith,vehicle passenger,164000,19.9,21.9,1198000,16.3,7.3,15.4
174,2023,6350,Penrith,walk linked*,77000,9.3,,41000,0.6,0.5,7.1
175,2023,6350,Penrith,walk only,121000,14.6,16.1,108000,1.5,0.9,12.7
176,2023,6400,Port Stephens,other**,1000,0.5,0.5,7000,0.2,6.2,23.3
177,2023,6400,Port Stephens,public transport,11000,4.4,4.6,257000,8.0,23.4,40.3
178,2023,6400,Port Stephens,vehicle driver,168000,67.7,70.1,2536000,79.4,15.1,19.8
179,2023,6400,Port Stephens,vehicle passenger*,34000,13.7,14.1,372000,11.6,10.9,17.2
180,2023,6400,Port Stephens,walk linked*,8000,3.3,,7000,0.2,0.8,13.4
181,2023,6400,Port Stephens,walk only*,26000,10.4,10.7,15000,0.5,0.6,11.1
182,2023,6550,Randwick,other*,15000,2.8,3.2,88000,3.6,5.9,23.7
183,2023,6550,Randwick,public transport,51000,9.6,10.9,300000,12.2,5.8,22.8
184,2023,6550,Randwick,vehicle driver,223000,41.6,47.3,1459000,59.1,6.5,16.6
185,2023,6550,Randwick,vehicle passenger,66000,12.3,14.0,465000,18.8,7.0,19.3
186,2023,6550,Randwick,walk linked,65000,12.1,,43000,1.8,0.7,9.3
187,2023,6550,Randwick,walk only,116000,21.6,24.6,113000,4.6,1.0,14.8
188,2023,6700,Ryde,other*,11000,1.9,2.2,100000,2.9,9.3,34.2
189,2023,6700,Ryde,public transport,54000,9.3,11.0,606000,17.4,11.3,27.4
190,2023,6700,Ryde,vehicle driver,246000,42.4,50.6,2073000,59.5,8.4,18.5
191,2023,6700,Ryde,vehicle passenger,89000,15.4,18.4,579000,16.6,6.5,15.0
192,2023,6700,Ryde,walk linked,94000,16.1,,60000,1.7,0.6,9.3
193,2023,6700,Ryde,walk only,87000,14.9,17.8,66000,1.9,0.8,11.8
194,2023,6900,Shellharbour,other**,2000,0.8,0.9,20000,0.8,10.4,33.1
195,2023,6900,Shellharbour,public transport**,8000,3.6,3.7,160000,6.1,18.9,38.5
196,2023,6900,Shellharbour,vehicle driver,130000,54.9,56.5,1975000,75.8,15.2,19.9
197,2023,6900,Shellharbour,vehicle passenger*,59000,25.1,25.8,427000,16.4,7.2,12.6
198,2023,6900,Shellharbour,walk linked*,7000,2.9,,4000,0.2,0.6,6.6
199,2023,6900,Shellharbour,walk only*,30000,12.8,13.1,20000,0.8,0.7,10.4
200,2023,6950,Shoalhaven,other**,9000,2.5,2.6,45000,1.6,5.2,18.4
201,2023,6950,Shoalhaven,public transport**,17000,4.9,5.2,192000,6.7,11.3,27.5
202,2023,6950,Shoalhaven,vehicle driver,196000,56.7,59.8,2067000,72.3,10.6,16.6
203,2023,6950,Shoalhaven,vehicle passenger,61000,17.5,18.5,508000,17.8,8.4,14.3
204,2023,6950,Shoalhaven,walk linked*,18000,5.3,,4000,0.1,0.2,8.0
205,2023,6950,Shoalhaven,walk only,45000,13.1,13.9,44000,1.5,1.0,14.2
206,2023,7100,Strathfield,other**,2000,1.1,1.3,14000,1.1,5.7,15.8
207,2023,7100,Strathfield,public transport*,40000,18.2,22.4,290000,23.4,7.2,15.7
208,2023,7100,Strathfield,vehicle driver,71000,31.9,39.2,631000,51.1,8.9,21.9
209,2023,7100,Strathfield,vehicle passenger*,45000,20.1,24.7,242000,19.6,5.4,17.4
210,2023,7100,Strathfield,walk linked*,42000,18.7,,27000,2.2,0.6,7.9
211,2023,7100,Strathfield,walk only*,22000,10.1,12.4,32000,2.6,1.4,13.3
212,2023,7150,Sutherland Shire,other*,13000,1.1,1.2,94000,1.0,7.2,19.8
213,2023,7150,Sutherland Shire,public transport,80000,7.0,7.7,1416000,15.3,17.8,29.9
214,2023,7150,Sutherland Shire,vehicle driver,523000,45.8,50.5,5387000,58.1,10.3,18.9
215,2023,7150,Sutherland Shire,vehicle passenger,250000,21.9,24.2,2163000,23.3,8.6,17.2
216,2023,7150,Sutherland Shire,walk linked,105000,9.2,,71000,0.8,0.7,9.4
217,2023,7150,Sutherland Shire,walk only,170000,14.9,16.4,145000,1.6,0.9,13.4
218,2023,7200,Sydney,other,53000,5.1,6.2,243000,7.4,4.6,15.9
219,2023,7200,Sydney,public transport,114000,11.0,13.5,911000,27.9,8.0,19.0
220,2023,7200,Sydney,vehicle driver,146000,14.1,17.3,1204000,36.9,8.2,21.4
221,2023,7200,Sydney,vehicle passenger,60000,5.8,7.1,407000,12.5,6.8,20.4
222,2023,7200,Sydney,walk linked,189000,18.2,,112000,3.4,0.6,8.7
223,2023,7200,Sydney,walk only,474000,45.8,56.0,383000,11.7,0.8,13.0
224,2023,7420,The Hills Shire,other*,8000,1.1,1.2,80000,1.3,9.5,35.0
225,2023,7420,The Hills Shire,public transport,53000,6.8,7.5,799000,12.8,15.0,26.7
226,2023,7420,The Hills Shire,vehicle driver,385000,49.3,54.3,4123000,66.2,10.7,20.2
227,2023,7420,The Hills Shire,vehicle passenger,158000,20.2,22.2,1086000,17.4,6.9,15.1
228,2023,7420,The Hills Shire,walk linked,71000,9.1,,51000,0.8,0.7,9.4
229,2023,7420,The Hills Shire,walk only,105000,13.5,14.8,93000,1.5,0.9,12.7
230,2023,8050,Waverley,other**,4000,1.5,2.0,19000,2.2,5.0,21.9
231,2023,8050,Waverley,public transport*,29000,11.6,15.1,130000,14.8,4.6,16.4
232,2023,8050,Waverley,vehicle driver,59000,24.0,31.2,422000,48.0,7.1,21.9
233,2023,8050,Waverley,vehicle passenger*,30000,12.1,15.7,202000,23.0,6.8,20.9
234,2023,8050,Waverley,walk linked*,57000,23.0,,45000,5.1,0.8,9.4
235,2023,8050,Waverley,walk only,68000,27.7,36.0,60000,6.9,0.9,15.7
236,2023,8250,Willoughby,other*,5000,1.4,1.6,24000,1.2,4.8,17.6
237,2023,8250,Willoughby,public transport,35000,9.6,11.4,264000,13.8,7.5,21.1
238,2023,8250,Willoughby,vehicle driver,135000,37.1,43.8,880000,45.9,6.5,15.4
239,2023,8250,Willoughby,vehicle passenger,77000,21.1,24.9,667000,34.8,8.7,15.5
240,2023,8250,Willoughby,walk linked,56000,15.3,,37000,1.9,0.7,9.1
241,2023,8250,Willoughby,walk only,56000,15.5,18.2,44000,2.3,0.8,12.5
242,2023,8350,Wingecarribee,other**,3000,1.5,1.5,22000,0.7,6.3,28.1
243,2023,8350,Wingecarribee,public transport*,11000,4.5,4.7,386000,12.0,36.4,52.4
244,2023,8350,Wingecarribee,vehicle driver,146000,62.2,64.8,2172000,67.2,14.9,19.9
245,2023,8350,Wingecarribee,vehicle passenger,45000,19.3,20.1,615000,19.0,13.6,18.7
246,2023,8350,Wingecarribee,walk linked*,9000,4.0,,6000,0.2,0.7,14.5
247,2023,8350,Wingecarribee,walk only,20000,8.4,8.8,32000,1.0,1.6,18.0
248,2023,8400,Wollondilly,other**,5000,2.9,2.9,5000,0.1,0.9,9.4
249,2023,8400,Wollondilly,public transport**,2000,1.2,1.2,68000,2.2,30.9,52.4
250,2023,8400,Wollondilly,vehicle driver,95000,52.6,53.7,2102000,69.0,22.1,29.4
251,2023,8400,Wollondilly,vehicle passenger*,54000,29.9,30.5,836000,27.4,15.4,22.0
252,2023,8400,Wollondilly,walk linked*,4000,2.0,,2000,0.1,0.5,7.4
253,2023,8400,Wollondilly,walk only*,21000,11.4,11.6,34000,1.1,1.6,15.3
254,2023,8450,Wollongong,other*,19000,2.5,2.6,102000,1.7,5.4,26.7
255,2023,8450,Wollongong,public transport,33000,4.2,4.6,463000,7.6,14.2,29.2
256,2023,8450,Wollongong,vehicle driver,398000,52.0,56.0,3890000,63.8,9.8,15.6
257,2023,8450,Wollongong,vehicle passenger,161000,21.1,22.7,1512000,24.8,9.4,15.3
258,2023,8450,Wollongong,walk linked,55000,7.2,,37000,0.6,0.7,7.8
259,2023,8450,Wollongong,walk only,100000,13.1,14.1,90000,1.5,0.9,17.1
260,2023,8500,Woollahra,other**,5000,2.1,2.5,37000,4.9,6.8,40.6
261,2023,8500,Woollahra,public transport,24000,9.1,11.0,105000,14.2,4.4,17.5
262,2023,8500,Woollahra,vehicle driver,92000,35.2,42.5,410000,55.2,4.5,15.1
263,2023,8500,Woollahra,vehicle passenger,36000,13.9,16.8,122000,16.4,3.3,14.4
264,2023,8500,Woollahra,walk linked,45000,17.2,,24000,3.2,0.5,8.6
265,2023,8500,Woollahra,walk only,59000,22.5,27.2,46000,6.2,0.8,12.8
266,2024,500,Bayside,other*,24000,3.0,3.5,281000,6.4,11.8,21.7
267,2024,500,Bayside,public transport,65000,8.3,9.5,528000,12.0,8.1,21.5
268,2024,500,Bayside,vehicle driver,317000,40.3,46.2,2462000,56.1,7.8,18.7
269,2024,500,Bayside,vehicle passenger,151000,19.2,22.0,942000,21.5,6.2,16.6
270,2024,500,Bayside,walk linked,100000,12.8,,86000,2.0,0.9,11.0
271,2024,500,Bayside,walk only,129000,16.4,18.8,87000,2.0,0.7,10.2
272,2024,750,Blacktown,other*,20000,1.4,1.6,128000,1.1,6.4,12.5
273,2024,750,Blacktown,public transport,106000,7.5,8.4,1885000,15.6,17.7,29.3
274,2024,750,Blacktown,vehicle driver,654000,46.4,51.5,6832000,56.6,10.5,19.7
275,2024,750,Blacktown,vehicle passenger,333000,23.6,26.2,3004000,24.9,9.0,17.6
276,2024,750,Blacktown,walk linked,139000,9.9,,88000,0.7,0.6,8.1
277,2024,750,Blacktown,walk only,157000,11.1,12.4,138000,1.1,0.9,13.1
278,2024,900,Blue Mountains,other**,2000,0.6,0.6,7000,0.2,4.1,49.2
279,2024,900,Blue Mountains,public transport*,15000,5.0,5.4,443000,11.8,28.8,38.9
280,2024,900,Blue Mountains,vehicle driver,154000,50.2,53.5,2266000,60.5,14.7,20.1
281,2024,900,Blue Mountains,vehicle passenger,74000,24.1,25.7,977000,26.1,13.2,19.1
282,2024,900,Blue Mountains,walk linked,19000,6.2,,12000,0.3,0.6,10.3
283,2024,900,Blue Mountains,walk only,43000,13.9,14.9,38000,1.0,0.9,14.1
284,2024,1300,Burwood,public transport*,27000,11.6,13.9,274000,17.6,10.0,19.1
285,2024,1300,Burwood,vehicle driver*,99000,42.0,50.5,847000,54.2,8.6,20.7
286,2024,1300,Burwood,vehicle passenger*,31000,13.0,15.6,391000,25.0,12.8,22.7
287,2024,1300,Burwood,walk linked*,40000,16.8,,26000,1.7,0.7,12.4
288,2024,1300,Burwood,walk only*,39000,16.6,20.0,24000,1.5,0.6,11.4
289,2024,1450,Camden,other**,5000,1.0,1.1,6000,0.1,1.1,6.5
290,2024,1450,Camden,public transport*,41000,8.2,8.9,728000,14.1,17.7,31.1
291,2024,1450,Camden,vehicle driver,244000,48.7,52.6,3431000,66.5,14.1,21.6
292,2024,1450,Camden,vehicle passenger*,134000,26.8,28.9,934000,18.1,7.0,12.9
293,2024,1450,Camden,walk linked*,38000,7.5,,23000,0.4,0.6,7.5
294,2024,1450,Camden,walk only*,39000,7.9,8.5,36000,0.7,0.9,14.5
295,2024,1500,Campbelltown,other**,2000,0.4,0.5,32000,0.6,13.2,34.8
296,2024,1500,Campbelltown,public transport,41000,7.2,7.9,824000,14.6,20.3,31.5
297,2024,1500,Campbelltown,vehicle driver,271000,48.1,53.0,3404000,60.3,12.5,21.7
298,2024,1500,Campbelltown,vehicle passenger,131000,23.2,25.6,1296000,23.0,9.9,18.2
299,2024,1500,Campbelltown,walk linked*,52000,9.2,,36000,0.6,0.7,10.3
300,2024,1500,Campbelltown,walk only,66000,11.8,13.0,52000,0.9,0.8,14.5
301,2024,1520,Canada Bay,other*,9000,2.0,2.5,61000,2.8,6.7,19.9
302,2024,1520,Canada Bay,public transport,67000,14.8,18.4,523000,23.6,7.8,18.7
303,2024,1520,Canada Bay,vehicle driver,149000,32.8,40.6,1271000,57.4,8.5,20.0
304,2024,1520,Canada Bay,vehicle passenger,50000,11.0,13.6,248000,11.2,5.0,15.7
305,2024,1520,Canada Bay,walk linked,88000,19.3,,48000,2.2,0.5,8.4
306,2024,1520,Canada Bay,walk only,91000,20.0,24.8,62000,2.8,0.7,11.0
307,2024,1570,Canterbury-Bankstown,other*,10000,0.8,1.0,65000,0.9,6.6,22.7
308,2024,1570,Canterbury-Bankstown,public transport,132000,11.2,13.2,1431000,20.5,10.8,24.1
309,2024,1570,Canterbury-Bankstown,vehicle driver,485000,40.9,48.4,4123000,59.1,8.5,19.9
310,2024,1570,Canterbury-Bankstown,vehicle passenger,220000,18.6,22.0,1153000,16.5,5.2,15.6
311,2024,1570,Canterbury-Bankstown,walk linked,184000,15.5,,109000,1.6,0.6,9.3
312,2024,1570,Canterbury-Bankstown,walk only,154000,13.0,15.4,97000,1.4,0.6,10.4
313,2024,1650,Central Coast,other*,22000,1.5,1.7,98000,0.6,4.6,17.1
314,2024,1650,Central Coast,public transport,98000,7.0,7.5,2107000,13.0,21.5,32.8
315,2024,1650,Central Coast,vehicle driver,737000,52.6,56.7,9406000,58.2,12.8,18.7
316,2024,1650,Central Coast,vehicle passenger,324000,23.1,24.9,4392000,27.2,13.6,19.7
317,2024,1650,Central Coast,walk linked,103000,7.3,,65000,0.4,0.6,9.0
318,2024,1650,Central Coast,walk only,119000,8.5,9.1,98000,0.6,0.8,12.8
319,2024,1720,Cessnock,public transport**,5000,2.1,2.1,60000,2.2,13.3,25.0
320,2024,1720,Cessnock,vehicle driver,146000,67.8,69.0,2225000,81.6,15.2,20.3
321,2024,1720,Cessnock,vehicle passenger*,42000,19.6,20.0,432000,15.8,10.2,16.5
322,2024,1720,Cessnock,walk linked**,4000,1.7,,2000,0.1,0.5,10.3
323,2024,1720,Cessnock,walk only*,19000,8.8,8.9,10000,0.4,0.5,6.6
324,2024,2380,Cumberland,other**,6000,0.7,0.8,49000,0.9,8.1,25.8
325,2024,2380,Cumberland,public transport*,88000,10.2,11.7,984000,18.5,11.1,19.4
326,2024,2380,Cumberland,vehicle driver,364000,42.0,48.3,2993000,56.4,8.2,19.0
327,2024,2380,Cumberland,vehicle passenger,173000,19.9,22.9,1126000,21.2,6.5,15.7
328,2024,2380,Cumberland,walk linked,112000,13.0,,72000,1.4,0.6,9.7
329,2024,2380,Cumberland,walk only,123000,14.2,16.3,84000,1.6,0.7,18.2
330,2024,2700,Dungog,public transport**,2000,6.1,6.8,39000,9.0,15.6,17.1
331,2024,2700,Dungog,vehicle driver,22000,53.8,59.7,334000,77.5,15.2,20.5
332,2024,2700,Dungog,vehicle passenger*,8000,20.2,22.4,53000,12.2,6.4,11.2
333,2024,2700,Dungog,walk linked**,4000,10.0,,4000,1.0,1.0,13.9
334,2024,2700,Dungog,walk only**,4000,9.9,11.1,1000,0.2,0.2,6.6
335,2024,2850,Fairfield,public transport*,18000,3.6,3.8,267000,7.1,15.0,34.2
336,2024,2850,Fairfield,vehicle driver,274000,55.2,58.5,2663000,70.7,9.7,21.1
337,2024,2850,Fairfield,vehicle passenger,110000,22.1,23.4,763000,20.3,7.0,17.9
338,2024,2850,Fairfield,walk linked*,28000,5.7,,20000,0.5,0.7,10.3
339,2024,2850,Fairfield,walk only,67000,13.5,14.3,52000,1.4,0.8,14.0
340,2024,2930,Georges River,other*,10000,1.3,1.6,81000,1.8,8.2,17.4
341,2024,2930,Georges River,public transport,95000,12.7,15.4,1114000,24.2,11.8,22.9
342,2024,2930,Georges River,vehicle driver,292000,39.2,47.6,2454000,53.2,8.4,19.5
343,2024,2930,Georges River,vehicle passenger,128000,17.1,20.8,796000,17.2,6.2,17.4
344,2024,2930,Georges River,walk linked,131000,17.6,,95000,2.1,0.7,10.3
345,2024,2930,Georges River,walk only,89000,12.0,14.5,74000,1.6,0.8,12.9
346,2024,3800,Hawkesbury,other**,2000,0.9,0.9,12000,0.3,6.4,36.5
347,2024,3800,Hawkesbury,public transport*,8000,3.7,3.8,133000,3.6,17.5,28.6
348,2024,3800,Hawkesbury,vehicle driver,134000,64.9,66.6,2711000,72.9,20.2,31.0
349,2024,3800,Hawkesbury,vehicle passenger,49000,23.8,24.4,854000,23.0,17.3,27.6
350,2024,3800,Hawkesbury,walk linked*,5000,2.6,,3000,0.1,0.6,8.5
351,2024,3800,Hawkesbury,walk only*,9000,4.2,4.3,7000,0.2,0.8,8.5
352,2024,4000,Hornsby,other*,8000,1.1,1.3,43000,0.9,5.7,21.6
353,2024,4000,Hornsby,public transport,87000,12.3,14.5,1157000,23.0,13.4,23.9
354,2024,4000,Hornsby,vehicle driver,281000,39.7,46.9,2696000,53.7,9.6,18.7
355,2024,4000,Hornsby,vehicle passenger,129000,18.3,21.6,974000,19.4,7.5,15.9
356,2024,4000,Hornsby,walk linked,108000,15.3,,71000,1.4,0.7,9.3
357,2024,4000,Hornsby,walk only,94000,13.3,15.7,82000,1.6,0.9,13.9
358,2024,4100,Hunters Hill,other**,1000,1.1,1.4,9000,3.0,14.6,27.8
359,2024,4100,Hunters Hill,public transport*,7000,12.9,16.3,64000,21.9,9.1,22.8
360,2024,4100,Hunters Hill,vehicle driver*,23000,42.2,53.4,157000,54.2,6.9,18.5
361,2024,4100,Hunters Hill,vehicle passenger*,5000,8.7,11.1,48000,16.5,10.1,18.4
362,2024,4100,Hunters Hill,walk linked*,11000,21.1,,7000,2.5,0.6,9.7
363,2024,4100,Hunters Hill,walk only*,8000,14.1,17.8,6000,1.9,0.7,14.3
364,2024,4170,Inner West,other,34000,3.1,3.9,175000,3.6,5.1,20.2
365,2024,4170,Inner West,public transport,125000,11.4,14.1,829000,17.2,6.6,19.3
366,2024,4170,Inner West,vehicle driver,285000,25.9,32.1,2191000,45.4,7.7,18.6
367,2024,4170,Inner West,vehicle passenger,138000,12.6,15.5,1254000,26.0,9.1,18.5
368,2024,4170,Inner West,walk linked,210000,19.1,,139000,2.9,0.7,9.6
369,2024,4170,Inner West,walk only,306000,27.9,34.5,235000,4.9,0.8,12.4
370,2024,4400,Kiama,other**,3000,3.1,3.2,7000,0.7,2.7,16.7
371,2024,4400,Kiama,public transport**,1000,1.6,1.6,32000,3.3,22.9,27.1
372,2024,4400,Kiama,vehicle driver,49000,55.3,57.7,730000,75.0,14.9,18.9
373,2024,4400,Kiama,vehicle passenger*,19000,21.5,22.5,192000,19.7,10.0,17.5
374,2024,4400,Kiama,walk linked*,4000,4.3,,2000,0.2,0.6,8.0
375,2024,4400,Kiama,walk only*,13000,14.3,14.9,10000,1.0,0.8,10.7
376,2024,4500,Ku-ring-gai,other,10000,1.5,1.8,96000,2.1,9.5,29.1
377,2024,4500,Ku-ring-gai,public transport,76000,11.2,13.1,853000,18.7,11.3,22.3
378,2024,4500,Ku-ring-gai,vehicle driver,271000,40.1,47.0,2377000,52.2,8.8,17.9
379,2024,4500,Ku-ring-gai,vehicle passenger,131000,19.4,22.7,1081000,23.7,8.3,15.8
380,2024,4500,Ku-ring-gai,walk linked,99000,14.6,,70000,1.5,0.7,9.6
381,2024,4500,Ku-ring-gai,walk only,89000,13.2,15.4,80000,1.8,0.9,14.0
382,2024,4650,Lake Macquarie,other*,7000,0.9,1.0,31000,0.4,4.5,14.9
383,2024,4650,Lake Macquarie,public transport,37000,5.0,5.5,707000,10.3,19.2,31.3
384,2024,4650,Lake Macquarie,vehicle driver,400000,54.7,59.3,4475000,65.1,11.2,18.2
385,2024,4650,Lake Macquarie,vehicle passenger,151000,20.6,22.4,1519000,22.1,10.0,16.7
386,2024,4650,Lake Macquarie,walk linked,57000,7.8,,72000,1.0,1.3,14.7
387,2024,4650,Lake Macquarie,walk only,80000,10.9,11.9,70000,1.0,0.9,13.9
388,2024,4700,Lane Cove,other**,3000,1.3,1.6,19000,1.7,6.5,13.0
389,2024,4700,Lane Cove,public transport,26000,11.9,14.6,200000,17.6,7.6,21.3
390,2024,4700,Lane Cove,vehicle driver,78000,35.2,43.2,646000,56.8,8.3,17.0
391,2024,4700,Lane Cove,vehicle passenger,37000,16.7,20.5,211000,18.5,5.7,15.1
392,2024,4700,Lane Cove,walk linked,41000,18.5,,25000,2.2,0.6,9.0
393,2024,4700,Lane Cove,walk only,36000,16.4,20.1,36000,3.2,1.0,10.8
394,2024,4900,Liverpool,other**,4000,0.5,0.6,8000,0.1,2.3,27.1
395,2024,4900,Liverpool,public transport*,65000,8.7,10.0,851000,13.0,13.1,29.1
396,2024,4900,Liverpool,vehicle driver,361000,48.3,55.8,4308000,65.8,11.9,24.3
397,2024,4900,Liverpool,vehicle passenger,158000,21.2,24.5,1286000,19.6,8.1,21.6
398,2024,4900,Liverpool,walk linked*,101000,13.5,,59000,0.9,0.6,7.2
399,2024,4900,Liverpool,walk only*,59000,7.9,9.2,39000,0.6,0.7,10.2
400,2024,5050,Maitland,other*,4000,1.0,1.1,18000,0.4,4.6,20.6
401,2024,5050,Maitland,public transport*,3000,0.9,1.0,49000,1.2,14.0,25.7
402,2024,5050,Maitland,vehicle driver,196000,53.0,53.4,2828000,69.4,14.4,20.5
403,2024,5050,Maitland,vehicle passenger*,125000,33.8,34.1,1158000,28.4,9.3,16.2
404,2024,5050,Maitland,walk linked*,3000,0.9,,3000,0.1,1.0,9.1
405,2024,5050,Maitland,walk only*,39000,10.4,10.5,19000,0.5,0.5,11.9
406,2024,5350,Mosman,other*,2000,1.6,1.9,21000,2.6,8.6,24.5
407,2024,5350,Mosman,public transport,10000,6.8,7.8,75000,9.1,7.2,22.0
408,2024,5350,Mosman,vehicle driver,58000,38.2,43.7,547000,66.4,9.4,18.7
409,2024,5350,Mosman,vehicle passenger*,23000,15.3,17.5,145000,17.6,6.2,16.5
410,2024,5350,Mosman,walk linked,19000,12.6,,10000,1.2,0.5,7.8
411,2024,5350,Mosman,walk only*,39000,25.4,29.1,26000,3.2,0.7,12.5
412,2024,5900,Newcastle,other,16000,2.9,3.0,77000,1.5,4.7,19.0
413,2024,5900,Newcastle,public transport,15000,2.6,2.7,362000,7.3,24.5,37.7
414,2024,5900,Newcastle,vehicle driver,317000,55.9,58.6,3432000,69.1,10.8,17.6
415,2024,5900,Newcastle,vehicle passenger,109000,19.2,20.1,1020000,20.5,9.4,15.0
416,2024,5900,Newcastle,walk linked,26000,4.5,,17000,0.3,0.7,13.8
417,2024,5900,Newcastle,walk only,84000,14.9,15.6,60000,1.2,0.7,12.2
418,2024,5950,North Sydney,other**,3000,0.6,0.8,20000,1.3,7.6,20.4
419,2024,5950,North Sydney,public transport,47000,11.7,14.9,305000,21.0,6.5,15.9
420,2024,5950,North Sydney,vehicle driver,104000,25.6,32.7,801000,55.3,7.7,16.7
421,2024,5950,North Sydney,vehicle passenger,26000,6.6,8.4,162000,11.1,6.1,14.8
422,2024,5950,North Sydney,walk linked,88000,21.7,,52000,3.6,0.6,8.3
423,2024,5950,North Sydney,walk only*,136000,33.8,43.1,110000,7.6,0.8,13.3
424,2024,5990,Northern Beaches,other*,39000,2.8,3.2,158000,2.0,4.1,19.0
425,2024,5990,Northern Beaches,public transport,118000,8.6,9.9,1284000,16.1,10.9,32.3
426,2024,5990,Northern Beaches,vehicle driver,566000,41.4,47.2,4509000,56.6,8.0,18.2
427,2024,5990,Northern Beaches,vehicle passenger,244000,17.9,20.4,1729000,21.7,7.1,15.4
428,2024,5990,Northern Beaches,walk linked,169000,12.3,,104000,1.3,0.6,9.1
429,2024,5990,Northern Beaches,walk only,231000,16.9,19.3,186000,2.3,0.8,13.0
430,2024,6260,Parramatta,other*,15000,1.3,1.5,159000,1.9,10.5,29.9
431,2024,6260,Parramatta,public transport,126000,10.6,12.5,1760000,21.2,13.9,24.7
432,2024,6260,Parramatta,vehicle driver,502000,42.2,49.6,4645000,55.9,9.2,19.9
433,2024,6260,Parramatta,vehicle passenger,212000,17.8,20.9,1517000,18.3,7.2,15.9
434,2024,6260,Parramatta,walk linked,178000,15.0,,109000,1.3,0.6,9.2
435,2024,6260,Parramatta,walk only,157000,13.2,15.5,121000,1.5,0.8,12.0
436,2024,6350,Penrith,other*,22000,2.9,3.1,55000,0.8,2.5,10.6
437,2024,6350,Penrith,public transport*,62000,8.1,8.8,1512000,21.0,24.5,34.4
438,2024,6350,Penrith,vehicle driver,375000,49.3,53.3,4297000,59.6,11.5,21.4
439,2024,6350,Penrith,vehicle passenger,150000,19.7,21.4,1239000,17.2,8.2,17.2
440,2024,6350,Penrith,walk linked,57000,7.5,,32000,0.4,0.6,8.0
441,2024,6350,Penrith,walk only,95000,12.5,13.5,76000,1.0,0.8,11.5
442,2024,6400,Port Stephens,other**,2000,0.8,0.9,12000,0.4,6.2,23.3
443,2024,6400,Port Stephens,public transport*,8000,3.4,3.5,115000,4.1,14.2,28.7
444,2024,6400,Port Stephens,vehicle driver,160000,67.9,69.4,2343000,82.7,14.7,19.5
445,2024,6400,Port Stephens,vehicle passenger*,35000,14.8,15.1,342000,12.1,9.8,16.9
446,2024,6400,Port Stephens,walk linked*,5000,2.2,,5000,0.2,0.9,17.5
447,2024,6400,Port Stephens,walk only*,26000,10.8,11.1,14000,0.5,0.6,10.4
448,2024,6550,Randwick,other*,24000,3.9,4.8,100000,4.4,4.2,18.7
449,2024,6550,Randwick,public transport,84000,13.7,16.7,465000,20.2,5.5,19.9
450,2024,6550,Randwick,vehicle driver,208000,33.8,41.3,1195000,51.8,5.7,15.6
451,2024,6550,Randwick,vehicle passenger,66000,10.7,13.1,374000,16.2,5.7,17.8
452,2024,6550,Randwick,walk linked,112000,18.2,,71000,3.1,0.6,9.0
453,2024,6550,Randwick,walk only,121000,19.7,24.1,101000,4.4,0.8,13.3
454,2024,6700,Ryde,other*,10000,1.6,1.9,84000,2.3,8.5,29.5
455,2024,6700,Ryde,public transport,73000,11.6,14.2,834000,22.7,11.4,25.4
456,2024,6700,Ryde,vehicle driver,252000,40.1,48.9,2061000,56.1,8.2,18.4
457,2024,6700,Ryde,vehicle passenger,88000,14.0,17.0,556000,15.1,6.3,14.3
458,2024,6700,Ryde,walk linked,113000,18.0,,73000,2.0,0.6,8.6
459,2024,6700,Ryde,walk only,93000,14.7,18.0,65000,1.8,0.7,11.5
460,2024,6900,Shellharbour,other**,3000,1.2,1.2,24000,0.8,8.5,26.4
461,2024,6900,Shellharbour,public transport**,10000,4.2,4.3,212000,7.6,21.5,41.9
462,2024,6900,Shellharbour,vehicle driver,131000,55.6,57.5,2159000,77.5,16.5,20.7
463,2024,6900,Shellharbour,vehicle passenger*,53000,22.6,23.3,364000,13.1,6.9,12.3
464,2024,6900,Shellharbour,walk linked*,8000,3.3,,4000,0.1,0.5,6.0
465,2024,6900,Shellharbour,walk only*,31000,13.2,13.7,24000,0.9,0.8,12.8
466,2024,6950,Shoalhaven,other*,8000,2.2,2.3,26000,0.7,3.2,12.8
467,2024,6950,Shoalhaven,public transport**,19000,5.3,5.6,251000,7.3,13.1,29.6
468,2024,6950,Shoalhaven,vehicle driver,197000,53.8,56.7,2439000,70.9,12.4,17.0
469,2024,6950,Shoalhaven,vehicle passenger,63000,17.2,18.1,669000,19.5,10.6,15.3
470,2024,6950,Shoalhaven,walk linked*,18000,5.1,,5000,0.1,0.2,8.1
471,2024,6950,Shoalhaven,walk only,60000,16.4,17.3,49000,1.4,0.8,13.6
472,2024,7100,Strathfield,public transport*,51000,19.6,24.7,464000,30.5,9.1,19.0
473,2024,7100,Strathfield,vehicle driver,77000,29.4,37.2,655000,43.1,8.5,21.3
474,2024,7100,Strathfield,vehicle passenger*,57000,21.9,27.7,354000,23.3,6.2,17.3
475,2024,7100,Strathfield,walk linked*,54000,20.8,,33000,2.2,0.6,8.2
476,2024,7100,Strathfield,walk only*,22000,8.3,10.4,15000,1.0,0.7,11.2
477,2024,7150,Sutherland Shire,other,11000,1.0,1.1,82000,0.9,7.2,19.9
478,2024,7150,Sutherland Shire,public transport,78000,7.0,7.7,1398000,15.5,17.9,30.5
479,2024,7150,Sutherland Shire,vehicle driver,517000,46.1,51.1,5227000,58.0,10.1,19.5
480,2024,7150,Sutherland Shire,vehicle passenger,240000,21.4,23.7,2077000,23.1,8.7,17.0
481,2024,7150,Sutherland Shire,walk linked,110000,9.8,,77000,0.9,0.7,9.6
482,2024,7150,Sutherland Shire,walk only,166000,14.8,16.4,147000,1.6,0.9,13.7
483,2024,7200,Sydney,other*,56000,5.3,6.7,257000,8.2,4.6,17.5
484,2024,7200,Sydney,public transport,127000,11.9,15.0,879000,28.0,6.9,19.2
485,2024,7200,Sydney,vehicle driver,140000,13.1,16.5,1114000,35.5,8.0,20.8
486,2024,7200,Sydney,vehicle passenger,56000,5.3,6.7,384000,12.2,6.8,20.4
487,2024,7200,Sydney,walk linked,218000,20.5,,124000,3.9,0.6,8.1
488,2024,7200,Sydney,walk only,467000,43.8,55.1,381000,12.1,0.8,13.0
489,2024,7420,The Hills Shire,other*,5000,0.6,0.7,45000,0.6,8.8,25.7
490,2024,7420,The Hills Shire,public transport,57000,7.3,8.1,962000,13.5,16.8,26.9
491,2024,7420,The Hills Shire,vehicle driver,387000,49.4,54.4,4394000,61.7,11.4,21.7
492,2024,7420,The Hills Shire,vehicle passenger,153000,19.6,21.6,1564000,22.0,10.2,20.5
493,2024,7420,The Hills Shire,walk linked,72000,9.2,,47000,0.7,0.7,9.0
494,2024,7420,The Hills Shire,walk only,109000,13.9,15.3,105000,1.5,1.0,13.7
495,2024,8050,Waverley,other**,8000,3.1,4.0,29000,3.4,3.8,16.5
496,2024,8050,Waverley,public transport*,31000,12.4,16.3,146000,17.0,4.7,17.8
497,2024,8050,Waverley,vehicle driver,51000,20.4,26.8,328000,38.2,6.4,21.3
498,2024,8050,Waverley,vehicle passenger*,28000,11.3,14.8,243000,28.3,8.6,23.0
499,2024,8050,Waverley,walk linked*,59000,23.8,,44000,5.2,0.7,10.7
500,2024,8050,Waverley,walk only,72000,29.0,38.0,69000,8.0,1.0,16.9
501,2024,8250,Willoughby,other*,6000,1.6,1.9,32000,1.6,5.0,16.2
502,2024,8250,Willoughby,public transport,41000,10.2,12.4,310000,15.3,7.5,20.3
503,2024,8250,Willoughby,vehicle driver,135000,33.5,40.7,905000,44.8,6.7,16.1
504,2024,8250,Willoughby,vehicle passenger,80000,19.8,24.1,673000,33.4,8.4,15.4
505,2024,8250,Willoughby,walk linked,72000,17.8,,47000,2.3,0.7,8.9
506,2024,8250,Willoughby,walk only,69000,17.1,20.8,51000,2.6,0.7,12.2
507,2024,8350,Wingecarribee,other**,2000,1.0,1.1,14000,0.5,5.9,27.8
508,2024,8350,Wingecarribee,public transport*,12000,5.4,5.7,338000,11.8,27.3,43.7
509,2024,8350,Wingecarribee,vehicle driver,131000,57.8,60.3,1832000,63.9,13.9,18.9
510,2024,8350,Wingecarribee,vehicle passenger*,54000,23.5,24.6,651000,22.7,12.2,18.1
511,2024,8350,Wingecarribee,walk linked*,9000,4.1,,7000,0.2,0.7,15.6
512,2024,8350,Wingecarribee,walk only,18000,8.0,8.4,28000,1.0,1.5,17.8
513,2024,8400,Wollondilly,other**,1000,0.7,0.7,2000,0.1,1.3,23.7
514,2024,8400,Wollondilly,public transport**,2000,1.1,1.1,44000,1.5,23.5,46.9
515,2024,8400,Wollondilly,vehicle driver,98000,58.2,59.2,2188000,72.3,22.2,29.7
516,2024,8400,Wollondilly,vehicle passenger*,47000,27.6,28.0,758000,25.0,16.3,22.4
517,2024,8400,Wollondilly,walk linked**,3000,1.6,,1000,0.0,0.5,6.6
518,2024,8400,Wollondilly,walk only*,18000,10.8,11.0,33000,1.1,1.8,17.3
519,2024,8450,Wollongong,other,24000,3.1,3.4,108000,1.7,4.5,22.6
520,2024,8450,Wollongong,public transport,36000,4.6,5.0,474000,7.3,13.3,27.2
521,2024,8450,Wollongong,vehicle driver,394000,51.2,55.4,4219000,65.1,10.7,16.6
522,2024,8450,Wollongong,vehicle passenger,157000,20.4,22.0,1546000,23.9,9.8,15.9
523,2024,8450,Wollongong,walk linked,58000,7.6,,41000,0.6,0.7,9.1
524,2024,8450,Wollongong,walk only,101000,13.2,14.2,89000,1.4,0.9,16.0
525,2024,8500,Woollahra,other*,6000,2.3,2.8,46000,5.1,7.5,39.4
526,2024,8500,Woollahra,public transport,23000,8.6,10.2,105000,11.6,4.6,17.1
527,2024,8500,Woollahra,vehicle driver,83000,31.3,37.0,444000,48.8,5.4,16.9
528,2024,8500,Woollahra,vehicle passenger,37000,14.0,16.6,232000,25.5,6.3,20.1
529,2024,8500,Woollahra,walk linked,41000,15.5,,23000,2.5,0.6,9.2
530,2024,8500,Woollahra,walk only,75000,28.3,33.5,60000,6.6,0.8,13.3
